TIME,ALT,GCR,MACH,ALPHA,ALPHL,GAM
0.00000000000000000,0.00000000000000000,0.00000000000000000,7.99408842351572000,0.00000000000000000,0.40072759625789100,0.40072759625789100
0.10000000000000000,344.35480432957400000,0.13510091238673900,7.96247722505160000,0.00000000000000000,0.39371130716339700,0.39371130716339700
0.20000000000000000,681.37038285657700000,0.26989599001869500,7.93170798999870000,0.00000000000000000,0.38705250776555800,0.38705250776555800
0.30000000000000000,1011.41518394649000000,0.40437458373491000,7.90172688061453000,0.00000000000000000,0.38072758765838900,0.38072758765838900
0.40000000000000000,1334.83286586403000000,0.53852754592097900,7.87248556353529000,0.00000000000000000,0.37471491896522100,0.37471491896522100
0.50000000000000000,1651.94439491629000000,0.67234705426882500,7.84394049355209000,0.00000000000000000,0.36899463921284200,0.36899463921284200
0.60000000000000000,1963.04991745203000000,0.80582644895530400,7.81605230814877000,0.00000000000000000,0.36354846375725800,0.36354846375725800
0.70000000000000000,2268.43043586239000000,0.93896011526841000,7.78878531302248000,0.00000000000000000,0.35835952300268700,0.35835952300268700
0.80000000000000000,2568.34931393340000000,1.07174335177311000,7.76210704279364000,0.00000000000000000,0.35341222053292500,0.35341222053292500
0.90000000000000000,2863.05363299325000000,1.20417227944494000,7.73598788420884000,0.00000000000000000,0.34869210897039800,0.34869210897039800
0.99999999999999900,3152.77541710063000000,1.33624374606022000,7.71040075156327000,0.00000000000000000,0.34418578093430100,0.34418578093430100
1.10000000000000000,3437.73274287581000000,1.46795524727473000,7.68532080598028000,0.00000000000000000,0.33988077291643100,0.33988077291643100
1.20000000000000000,3718.13074733689000000,1.59930486098456000,7.66072521170005000,0.00000000000000000,0.33576548025504100,0.33576548025504100
1.30000000000000000,3994.16254530474000000,1.73029118153063000,7.63659292374164000,0.00000000000000000,0.33182908168146800,0.33182908168146800
1.40000000000000000,4266.01006633788000000,1.86091326843636000,7.61290450227349000,0.00000000000000000,0.32806147215516700,0.32806147215516700
1.50000000000000000,4533.84481986612000000,1.99117059286453000,7.58964194981412000,0.00000000000000000,0.32445320290090100,0.32445320290090100
1.60000000000000000,4797.82859609648000000,2.12106299811400000,7.56678856802344000,0.00000000000000000,0.32099542772562500,0.32099542772562600
1.70000000000000000,5058.11410927772000000,2.25059066013009000,7.54432883136560000,0.00000000000000000,0.31767985482859000,0.31767985482859000
1.80000000000000000,5314.84558915346000000,2.37975405287733000,7.52224827535329000,0.00000000000000000,0.31449870343164800,0.31449870343164800
1.90000000000000000,5568.15932567417000000,2.50855391618061000,7.50053339743482000,0.00000000000000000,0.31144466465178500,0.31144466465178500
2.00000000000000000,5818.18417149782000000,2.63699122908610000,7.47917156887863000,0.00000000000000000,0.30851086611781600,0.30851086611781600
2.10000000000000000,6065.04200623557000000,2.76506718495592000,7.45815095625165000,0.00000000000000000,0.30569083990068900,0.30569083990068900
2.20000000000000000,6308.84816603735000000,2.89278316905371000,7.43746045129305000,0.00000000000000000,0.30297849338402800,0.30297849338402800
2.30000000000000000,6549.71184158325000000,3.02014073782030000,7.41708960815137000,0.00000000000000000,0.30036808275017400,0.30036808275017400
2.40000000000000000,6787.73644736781000000,3.14714160056063000,7.39702858710048000,0.00000000000000000,0.29785418879849500,0.29785418879849500
2.50000000000000000,7023.01996472850000000,3.27378760364301000,7.37726810396709000,0.00000000000000000,0.29543169484824000,0.29543169484824000
2.60000000000000000,7255.65526089444000000,3.40008071612723000,7.35779938460724000,0.00000000000000000,0.29309576650874500,0.29309576650874500
2.70000000000000000,7485.73038607463000000,3.52602301456121000,7.33861412385576000,0.00000000000000000,0.29084183312601600,0.29084183312601600
2.80000000000000000,7713.32885037735000000,3.65161667288473000,7.31970444844606000,0.00000000000000000,0.28866557073745100,0.28866557073745100
2.90000000000000000,7938.52988222613000000,3.77686394994717000,7.30106288346299000,0.00000000000000000,0.28656288638607400,0.28656288638607400
3.00000000000000000,8161.40866974368000000,3.90176717987825000,7.28268232194470000,0.00000000000000000,0.28452990366270700,0.28452990366270700
3.10000000000000000,8382.03658642247000000,4.02632876368837000,7.26455599729664000,0.00000000000000000,0.28256294935937200,0.28256294935937200
3.20000000000000000,8600.48140231892000000,4.15055115928485000,7.24667745822195000,0.00000000000000000,0.28065854113014800,0.28065854113014800
3.30000000000000000,8816.80748185887000000,4.27443687606317000,7.22904054590691000,0.00000000000000000,0.27881337606704100,0.27881337606704100
3.40000000000000000,9031.07596927136000000,4.39798846716820000,7.21163937323141000,0.00000000000000000,0.27702432010834900,0.27702432010834900
3.50000000000000000,9243.34496253356000000,4.52120852248161000,7.19446830579923000,0.00000000000000000,0.27528839820574000,0.27528839820574000
3.60000000000000000,9453.66967669874000000,4.64409966445699000,7.17752194460837000,0.00000000000000000,0.27360278518391800,0.27360278518391800
3.70000000000000000,9662.10259733721000000,4.76666454130646000,7.16079511019956000,0.00000000000000000,0.27196479723352400,0.27196479723352400
3.80000000000000000,9868.69362481311000000,4.88890582392156000,7.14428282814036000,0.00000000000000000,0.27037188398393800,0.27037188398393800
3.90000000000000000,10073.49020999290000000,5.01082620010116000,7.12798031571616000,0.00000000000000000,0.26882162110788300,0.26882162110788300
4.00000000000000000,10276.53748204180000000,5.13242837165993000,7.11188296971562000,0.00000000000000000,0.26731170341450500,0.26731170341450500
4.10000000000000000,10477.87836876880000000,5.25371505018444000,7.09598635520648000,0.00000000000000000,0.26583993839172000,0.26583993839172000
4.20000000000000000,10677.55371007690000000,5.37468895434120000,7.08028619521188000,0.00000000000000000,0.26440424016237100,0.26440424016237100
4.30000000000000000,10875.60236493870000000,5.49535280609663000,7.06477836120399000,0.00000000000000000,0.26300262382205100,0.26300262382205100
4.40000000000000000,11072.06131234390000000,5.61570932858825000,7.04945886434189000,0.00000000000000000,0.26163320012940000,0.26163320012940000
4.50000000000000000,11266.96574658150000000,5.73576124333470000,7.03432384738658000,0.00000000000000000,0.26029417052232800,0.26029417052232800
4.60000000000000000,11460.34916724630000000,5.85551126822599000,7.01936957723401000,0.00000000000000000,0.25898382243602900,0.25898382243602900
4.70000000000000000,11652.24346427610000000,5.97496211530060000,7.00459243801134000,0.00000000000000000,0.25770052490071800,0.25770052490071800
4.80000000000000000,11842.67899831380000000,6.09411648833627000,6.98998892441074000,0.00000000000000000,0.25644272313288700,0.25644272313288700
4.90000000000000000,12031.68466653670000000,6.21297708239687000,6.97555562780524000,0.00000000000000000,0.25520889852700000,0.25520889852700000
5.00000000000000000,12219.28792213640000000,6.33154658320496000,6.96128921708849000,0.00000000000000000,0.25399750238311500,0.25399750238311600
5.10000000000000000,12405.51477002350000000,6.44982766962850000,6.94718643498132000,0.00000000000000000,0.25280695874415400,0.25280695874415400
5.20000000000000000,12590.38977241140000000,6.56782301287505000,6.93324409736517000,0.00000000000000000,0.25163568133134600,0.25163568133134600
5.30000000000000000,12773.93606536830000000,6.68553527851338000,6.91945909204833000,0.00000000000000000,0.25048208805889600,0.25048208805889600
5.40000000000000000,12956.17538447300000000,6.80296712517348000,6.90582837709324000,0.00000000000000000,0.24934461330976600,0.24934461330976700
5.50000000000000000,13137.12809792900000000,6.92012120488712000,6.89234897883553000,0.00000000000000000,0.24822171823831700,0.24822171823831700
5.60000000000000000,13316.81324571370000000,7.03700016244475000,6.87901798970335000,0.00000000000000000,0.24711189933626500,0.24711189933626500
5.70000000000000000,13495.24858351050000000,7.15360663406534000,6.86583256592637000,0.00000000000000000,0.24601369547230200,0.24601369547230200
5.80000000000000000,13672.45063037420000000,7.26994324726693000,6.85278992520645000,0.00000000000000000,0.24492569359244300,0.24492569359244300
5.90000000000000000,13848.43471917130000000,7.38601261913086000,6.83988734440585000,0.00000000000000000,0.24384653324752300,0.24384653324752300
6.00000000000000000,14023.21504902460000000,7.50181735576596000,6.82712215729704000,0.00000000000000000,0.24277491009578300,0.24277491009578300
6.10000000000000000,14196.80473904310000000,7.61736005025130000,6.81449175240512000,0.00000000000000000,0.24170957851213200,0.24170957851213200
6.20000000000000000,14369.21588277070000000,7.73264328211092000,6.80199357096587000,0.00000000000000000,0.24064935342100100,0.24064935342100100
6.30000000000000000,14540.45960285140000000,7.84766961530953000,6.78962510501404000,0.00000000000000000,0.23959311145673300,0.23959311145673300
6.40000000000000000,14710.54610546670000000,7.96244159756427000,6.77738389560947000,0.00000000000000000,0.23853979154378500,0.23853979154378500
6.50000000000000000,14879.48473421480000000,8.07696175921038000,6.76526753120445000,0.00000000000000000,0.23748839497868400,0.23748839497868400
6.60000000000000000,15047.28402310230000000,8.19123261086034000,6.75327364615060000,0.00000000000000000,0.23643798508640700,0.23643798508640700
6.70000000000000000,15213.95174844930000000,8.30525664330144000,6.74139991934196000,0.00000000000000000,0.23538768651557400,0.23538768651557400
6.80000000000000000,15379.49497945230000000,8.41903632597780000,6.72964407298627000,0.00000000000000000,0.23433668422946400,0.23433668422946400
6.90000000000000000,15543.92012729490000000,8.53257410557771000,6.71800387149741000,0.00000000000000000,0.23328422224324000,0.23328422224324000
7.00000000000000000,15707.23299263040000000,8.64587240517298000,6.70647712049825000,0.00000000000000000,0.23222960215186200,0.23222960215186200
7.10000000000000000,15869.43881139150000000,8.75893362340874000,6.69506166592518000,0.00000000000000000,0.23117218148785000,0.23117218148785000
7.20000000000000000,16030.54229881610000000,8.87176013314522000,6.68375539322280000,0.00000000000000000,0.23011137194336100,0.23011137194336100
7.30000000000000000,16190.54769165810000000,8.98435428077190000,6.67255622661893000,0.00000000000000000,0.22904663748677400,0.22904663748677400
7.40000000000000000,16349.45878855510000000,9.09671838584593000,6.66146212846979000,0.00000000000000000,0.22797749240020000,0.22797749240020000
7.50000000000000000,16507.27898853640000000,9.20885473931113000,6.65047109866548000,0.00000000000000000,0.22690349926095400,0.22690349926095400
7.60000000000000000,16664.01132767640000000,9.32076560409000000,6.63958117408676000,0.00000000000000000,0.22582426688699500,0.22582426688699500
7.70000000000000000,16819.65851389980000000,9.43245321338422000,6.62879042810432000,0.00000000000000000,0.22473944826363000,0.22473944826363000
7.80000000000000000,16974.22295996910000000,9.54391977087261000,6.61809697011294000,0.00000000000000000,0.22364873846639100,0.22364873846639100
7.90000000000000000,17127.70681468770000000,9.65516744992539000,6.60749894509337000,0.00000000000000000,0.22255187259283700,0.22255187259283700
7.99999999999999000,17280.11199234420000000,9.76619839353117000,6.59699453319524000,0.00000000000000000,0.22144862371412100,0.22144862371412100
8.10000000000000000,17431.44020045920000000,9.87701471328094000,6.58658194933567000,0.00000000000000000,0.22033880085548500,0.22033880085548500
8.20000000000000000,17581.69296587630000000,9.98761848998716000,6.57625944280845000,0.00000000000000000,0.21922224701333300,0.21922224701333300
8.30000000000000000,17730.87165923410000000,10.09801177268300000,6.56602529689912000,0.00000000000000000,0.21809883721521200,0.21809883721521200
8.40000000000000000,17878.97751790280000000,10.20819657922110000,6.55587782850277000,0.00000000000000000,0.21696847662784400,0.21696847662784400
8.50000000000000000,18026.01166740430000000,10.31817489554280000,6.54581538774076000,0.00000000000000000,0.21583109871735400,0.21583109871735400
8.60000000000000000,18171.97514141720000000,10.42794867586600000,6.53583635757461000,0.00000000000000000,0.21468666346488600,0.21468666346488600
8.70000000000000000,18316.86890038100000000,10.53751984272180000,6.52593915341401000,0.00000000000000000,0.21353515564005800,0.21353515564005800
8.80000000000000000,18460.69384879990000000,10.64689028710060000,6.51612222271846000,0.00000000000000000,0.21237658313396700,0.21237658313396700
8.90000000000000000,18603.45085125040000000,10.75606186820970000,6.50638404458956000,0.00000000000000000,0.21121097535290100,0.21121097535290100
9.00000000000000000,18745.14074720810000000,10.86503641408160000,6.49672312935503000,0.00000000000000000,0.21003838167334700,0.21003838167334700
9.10000000000000000,18885.76436471190000000,10.97381572141470000,6.48713801814244000,0.00000000000000000,0.20885886995848500,0.20885886995848500
9.20000000000000000,19025.32253293320000000,11.08240155564950000,6.47762728244305000,0.00000000000000000,0.20767252513593700,0.20767252513593700
9.30000000000000000,19163.81609369810000000,11.19079565150010000,6.46818952366526000,0.00000000000000000,0.20647944783624100,0.20647944783624100
9.40000000000000000,19301.24591202660000000,11.29899971344430000,6.45882337267822000,0.00000000000000000,0.20527975309122400,0.20527975309122400
9.50000000000000000,19437.61288573220000000,11.40701541525230000,6.44952748934580000,0.00000000000000000,0.20407356909124400,0.20407356909124400
9.60000000000000000,19572.91795412820000000,11.51484440101860000,6.44030056205114000,0.00000000000000000,0.20286103600004900,0.20286103600004900
9.70000000000000000,19707.16210589180000000,11.62248828510610000,6.43114130721250000,0.00000000000000000,0.20164230482588600,0.20164230482588600
9.80000000000000000,19840.34638614200000000,11.72994865298360000,6.42204846879151000,0.00000000000000000,0.20041753634733200,0.20041753634733200
9.90000000000000000,19972.47190275040000000,11.83722706089470000,6.41302081779359000,0.00000000000000000,0.19918690009225100,0.19918690009225100
10.00000000000000000,20103.53983195870000000,11.94432503685960000,6.40405715176251000,0.00000000000000000,0.19795057336818500,0.19795057336818500
10.10000000000000000,20233.55142331860000000,12.05124408095940000,6.39515629426901000,0.00000000000000000,0.19670874034246800,0.19670874034246800
10.20000000000000000,20362.50800400970000000,12.15798566527130000,6.38631709439496000,0.00000000000000000,0.19546159117026700,0.19546159117026700
10.30000000000000000,20490.41098255290000000,12.26455123530400000,6.37753842621336000,0.00000000000000000,0.19420932116879700,0.19420932116879700
10.40000000000000000,20617.26185198500000000,12.37094220954050000,6.36881918826587000,0.00000000000000000,0.19295213003589000,0.19295213003589000
10.50000000000000000,20743.06219249210000000,12.47715998015830000,6.36015830303771000,0.00000000000000000,0.19169022111115600,0.19169022111115600
10.60000000000000000,20867.81367356700000000,12.58320591381080000,6.35155471643187000,0.00000000000000000,0.19042380067795000,0.19042380067795000
10.70000000000000000,20991.51805570720000000,12.68908135163590000,6.34300739724283000,0.00000000000000000,0.18915307730440800,0.18915307730440800
10.80000000000000000,21114.17719167470000000,12.79478761018440000,6.33451533663065000,0.00000000000000000,0.18787826122182500,0.18787826122182500
10.90000000000000000,21235.79302735250000000,12.90032598127490000,6.32607754759619000,0.00000000000000000,0.18659956373870300,0.18659956373870300
11.00000000000000000,21356.36760223650000000,13.00569773336920000,6.31769306445868000,0.00000000000000000,0.18531719668881600,0.18531719668881600
11.10000000000000000,21475.90304955840000000,13.11090411096660000,6.30936094233551000,0.00000000000000000,0.18403137191170100,0.18403137191170100
11.20000000000000000,21594.40159609910000000,13.21594633621350000,6.30108025662586000,0.00000000000000000,0.18274230076401200,0.18274230076401200
11.30000000000000000,21711.86556169010000000,13.32082560855380000,6.29285010249815000,0.00000000000000000,0.18145019366024200,0.18145019366024200
11.40000000000000000,21828.29735841970000000,13.42554310527220000,6.28466959438181000,0.00000000000000000,0.18015525964133900,0.18015525964133900
11.50000000000000000,21943.69948958970000000,13.53009998268970000,6.27653786546458000,0.00000000000000000,0.17885770596983200,0.17885770596983200
11.60000000000000000,22058.07454841950000000,13.63449737555910000,6.26845406719514000,0.00000000000000000,0.17755773775008500,0.17755773775008500
11.70000000000000000,22171.42521652200000000,13.73873639859400000,6.26041736879197000,0.00000000000000000,0.17625555757239600,0.17625555757239600
11.80000000000000000,22283.75426216790000000,13.84281814611520000,6.25242695675858000,0.00000000000000000,0.17495136517966400,0.17495136517966400
11.90000000000000000,22395.06453835590000000,13.94674369293670000,6.24448203440568000,0.00000000000000000,0.17364535715543600,0.17364535715543600
12.00000000000000000,22505.35898070410000000,14.05051409464610000,6.23658182138062000,0.00000000000000000,0.17233772663217000,0.17233772663217000
12.10000000000000000,22614.64060517020000000,14.15413038814690000,6.22872555320414000,0.00000000000000000,0.17102866301859900,0.17102866301859900
12.20000000000000000,22722.91250562290000000,14.25759359217450000,6.22091248081509000,0.00000000000000000,0.16971835174514800,0.16971835174514800
12.30000000000000000,22830.17785126710000000,14.36090470741810000,6.21314187012290000,0.00000000000000000,0.16840697402637400,0.16840697402637400
12.40000000000000000,22936.43988393240000000,14.46406471718120000,6.20541300156812000,0.00000000000000000,0.16709470663946500,0.16709470663946500
12.50000000000000000,23041.70191526780000000,14.56707458800970000,6.19772516969181000,0.00000000000000000,0.16578172171787400,0.16578172171787400
12.60000000000000000,23145.96732379860000000,14.66993526939290000,6.19007768271271000,0.00000000000000000,0.16446818655918700,0.16446818655918700
12.70000000000000000,23249.23955190180000000,14.77264769516800000,6.18246986211331000,0.00000000000000000,0.16315426344639800,0.16315426344639800
12.80000000000000000,23351.52210268000000000,14.87521278300320000,6.17490104223425000,0.00000000000000000,0.16184010948176100,0.16184010948176100
12.90000000000000000,23452.81853676580000000,14.97763143521890000,6.16737056987759000,0.00000000000000000,0.16052587643247400,0.16052587643247400
13.00000000000000000,23553.13246903940000000,15.07990453922290000,6.15987780391846000,0.00000000000000000,0.15921171058743300,0.15921171058743300
13.10000000000000000,23652.46756528310000000,15.18203296766460000,6.15242211492533000,0.00000000000000000,0.15789775262438500,0.15789775262438500
13.20000000000000000,23750.82753878080000000,15.28401757892620000,6.14500288478895000,0.00000000000000000,0.15658413748678100,0.15658413748678100
13.30000000000000000,23848.21614685280000000,15.38585921750500000,6.13761950635960000,0.00000000000000000,0.15527099426972100,0.15527099426972100
13.40000000000000000,23944.63718735050000000,15.48755871429380000,6.13027138309285000,0.00000000000000000,0.15395844611436900,0.15395844611436900
13.50000000000000000,24040.09449510640000000,15.58911688676350000,6.12295792870357000,0.00000000000000000,0.15264661011026000,0.15264661011026000
13.60000000000000000,24134.59193834290000000,15.69053453963970000,6.11567856682807000,0.00000000000000000,0.15133559720495800,0.15133559720495800
13.70000000000000000,24228.13341505080000000,15.79181246505070000,6.10843273069431000,0.00000000000000000,0.15002551212052900,0.15002551212052900
13.80000000000000000,24320.72284933550000000,15.89295144266800000,6.10121986279990000,0.00000000000000000,0.14871645327634300,0.14871645327634300
13.90000000000000000,24412.36418774720000000,15.99395224033330000,6.09403941459803000,0.00000000000000000,0.14740851271771000,0.14740851271771000
14.00000000000000000,24503.06139557060000000,16.09481561400530000,6.08689084619041000,0.00000000000000000,0.14610177604991500,0.14610177604991500
14.10000000000000000,24592.81845311440000000,16.19554230843840000,6.07977362602798000,0.00000000000000000,0.14479632237720200,0.14479632237720200
14.20000000000000000,24681.63935197510000000,16.29613305718840000,6.07268723061850000,0.00000000000000000,0.14349222424630500,0.14349222424630500
14.30000000000000000,24769.52809129650000000,16.39658858277630000,6.06563114424115000,0.00000000000000000,0.14218954759412700,0.14218954759412700
14.40000000000000000,24856.48867401100000000,16.49690959732330000,6.05860485866758000,0.00000000000000000,0.14088835169919200,0.14088835169919200
14.50000000000000000,24942.52510307350000000,16.59709680260650000,6.05160787288942000,0.00000000000000000,0.13958868913650300,0.13958868913650300
14.60000000000000000,25027.64137769490000000,16.69715089018940000,6.04463969285202000,0.00000000000000000,0.13829060573547700,0.13829060573547700
14.70000000000000000,25111.84148956460000000,16.79707254185940000,6.03769983119389000,0.00000000000000000,0.13699414054060700,0.13699414054060700
14.80000000000000000,25195.12941907340000000,16.89686242973770000,6.03078780699184000,0.00000000000000000,0.13569932577456000,0.13569932577456000
14.90000000000000000,25277.50913153960000000,16.99652121653750000,6.02390314551156000,0.00000000000000000,0.13440618680338800,0.13440618680338800
15.00000000000000000,25358.98457342380000000,17.09604955573600000,6.01704537796299000,0.00000000000000000,0.13311474210357300,0.13311474210357400
15.10000000000000000,25439.55966855580000000,17.19544809196810000,6.01021404126062000,0.00000000000000000,0.13182500323063000,0.13182500323063000
15.20000000000000000,25519.23831435290000000,17.29471746102480000,6.00340867778811000,0.00000000000000000,0.13053697478898700,0.13053697478898700
15.30000000000000000,25598.02437805010000000,17.39385829000170000,5.99662883517504000,0.00000000000000000,0.12925065442630200,0.12925065442630200
15.40000000000000000,25675.92169317970000000,17.49287119781810000,5.98987406651666000,0.00000000000000000,0.12796603412769900,0.12796603412769900
15.50000000000000000,25752.93405787640000000,17.59175679489340000,5.98314393157451000,0.00000000000000000,0.12668310433192300,0.12668310433192300
15.60000000000000000,25829.06523498140000000,17.69051568380100000,5.97643799708487000,0.00000000000000000,0.12540185527546200,0.12540185527546200
15.70000000000000000,25904.31895242630000000,17.78914845886380000,5.96975583663769000,0.00000000000000000,0.12412227702825400,0.12412227702825400
15.80000000000000000,25978.69890360900000000,17.88765570679130000,5.96309703055026000,0.00000000000000000,0.12284435950491300,0.12284435950491300
15.90000000000000000,26052.20874775940000000,17.98603800627110000,5.95646116574351000,0.00000000000000000,0.12156809247552100,0.12156809247552100
16.00000000000000000,26124.85211031510000000,18.08429592859120000,5.94984783562129000,0.00000000000000000,0.12029346557599700,0.12029346557599700
16.10000000000000000,26196.63258329030000000,18.18243003737240000,5.94325663995232000,0.00000000000000000,0.11902046831805100,0.11902046831805100
16.20000000000000000,26267.55372564120000000,18.28044088895680000,5.93668718475461000,0.00000000000000000,0.11774909009875700,0.11774909009875700
16.30000000000000000,26337.61906363810000000,18.37832903228140000,5.93013908218280000,0.00000000000000000,0.11647932020974200,0.11647932020974200
16.40000000000000000,26406.83209122340000000,18.47609500911060000,5.92361195041753000,0.00000000000000000,0.11521114784601800,0.11521114784601800
16.50000000000000000,26475.19627037640000000,18.57373935419070000,5.91710541355754000,0.00000000000000000,0.11394456211446800,0.11394456211446800
16.60000000000000000,26542.71503147480000000,18.67126259525620000,5.91061910151412000,0.00000000000000000,0.11267955204199100,0.11267955204199100
16.70000000000000000,26609.39177365220000000,18.76866525310660000,5.90415264990777000,0.00000000000000000,0.11141610658333700,0.11141610658333700
16.80000000000000000,26675.22986514490000000,18.86594784181890000,5.89770569996689000,0.00000000000000000,0.11015421462862300,0.11015421462862300
16.90000000000000000,26740.23264366010000000,18.96311086874420000,5.89127789842935000,0.00000000000000000,0.10889386501056100,0.10889386501056100
17.00000000000000000,26804.40341671180000000,19.06015483471170000,5.88486889744527000,0.00000000000000000,0.10763504651139600,0.10763504651139600
17.10000000000000000,26867.74546198540000000,19.15708023395000000,5.87847835448285000,0.00000000000000000,0.10637774786957200,0.10637774786957200
17.20000000000000000,26930.26202766970000000,19.25388755442090000,5.87210593223532000,0.00000000000000000,0.10512195778613500,0.10512195778613500
17.30000000000000000,26991.95633281020000000,19.35057727759780000,5.86575129853055000,0.00000000000000000,0.10386766493088200,0.10386766493088200
17.40000000000000000,27052.83156764130000000,19.44714987885960000,5.85941412624208000,0.00000000000000000,0.10261485794826900,0.10261485794826900
17.50000000000000000,27112.89089392870000000,19.54360582740040000,5.85309409320239000,0.00000000000000000,0.10136352546308100,0.10136352546308100
17.60000000000000000,27172.13744531190000000,19.63994558640950000,5.84679088211799000,0.00000000000000000,0.10011365608588200,0.10011365608588200
17.70000000000000000,27230.57432762900000000,19.73616961297860000,5.84050418048604000,0.00000000000000000,0.09886523841824540,0.09886523841824540
17.80000000000000000,27288.20461924370000000,19.83227835847570000,5.83423368051271000,0.00000000000000000,0.09761826105777660,0.09761826105777660
17.90000000000000000,27345.03137138850000000,19.92827226824740000,5.82797907903380000,0.00000000000000000,0.09637271260294060,0.09637271260294060
18.00000000000000000,27401.05760847770000000,20.02415178205110000,5.82174007743629000,0.00000000000000000,0.09512858165769170,0.09512858165769170
18.10000000000000000,27456.28632842740000000,20.11991733401820000,5.81551638158179000,0.00000000000000000,0.09388585683592210,0.09388585683592210
18.20000000000000000,27510.72050298750000000,20.21556935261550000,5.80930770173184000,0.00000000000000000,0.09264452676573160,0.09264452676573160
18.30000000000000000,27564.36307804650000000,20.31110826080350000,5.80311375247428000,0.00000000000000000,0.09140458009352800,0.09140458009352800
18.40000000000000000,27617.21697395660000000,20.40653447605970000,5.79693425265159000,0.00000000000000000,0.09016600548796280,0.09016600548796280
18.50000000000000000,27669.28508583450000000,20.50184841065760000,5.79076892529019000,0.00000000000000000,0.08892879164370960,0.08892879164370960
18.60000000000000000,27720.57028388230000000,20.59705047149030000,5.78461749753176000,0.00000000000000000,0.08769292728509050,0.08769292728509050
18.70000000000000000,27771.07541367780000000,20.69214106008910000,5.77847970056527000,0.00000000000000000,0.08645840116955840,0.08645840116955840
18.80000000000000000,27820.80329649890000000,20.78712057308460000,5.77235526956121000,0.00000000000000000,0.08522520209103760,0.08522520209103760
18.90000000000000000,27869.75672959900000000,20.88198940183500000,5.76624394360613000,0.00000000000000000,0.08399331888313160,0.08399331888313160
19.00000000000000000,27917.93848653130000000,20.97674793275440000,5.76014546563966000,0.00000000000000000,0.08276274042220010,0.08276274042220010
19.10000000000000000,27965.35131742060000000,21.07139654719450000,5.75405958239161000,0.00000000000000000,0.08153345563031320,0.08153345563031320
19.20000000000000000,28011.99794926860000000,21.16593562176430000,5.74798604432120000,0.00000000000000000,0.08030545347808580,0.08030545347808580
19.30000000000000000,28057.88108624510000000,21.26036552808330000,5.74192460555722000,0.00000000000000000,0.07907872298739690,0.07907872298739690
19.40000000000000000,28103.00340996680000000,21.35468663309650000,5.73587502383913000,0.00000000000000000,0.07785325323399950,0.07785325323399950
19.50000000000000000,28147.36757978420000000,21.44889929894960000,5.72983706045957000,0.00000000000000000,0.07662903335002430,0.07662903335002430
19.60000000000000000,28190.97623306880000000,21.54300388317450000,5.72381048020812000,0.00000000000000000,0.07540605252638160,0.07540605252638160
19.70000000000000000,28233.83198548850000000,21.63700073874550000,5.71779505131585000,0.00000000000000000,0.07418430001506600,0.07418430001506610
19.80000000000000000,28275.93743127950000000,21.73089021401490000,5.71179054540103000,0.00000000000000000,0.07296376513136720,0.07296376513136720
19.90000000000000000,28317.29514352600000000,21.82467265288920000,5.70579673741605000,0.00000000000000000,0.07174443725599000,0.07174443725599000
20.00000000000000000,28357.90767442800000000,21.91834839476150000,5.69981340559522000,0.00000000000000000,0.07052630583708910,0.07052630583708910
20.10000000000000000,28397.77755557370000000,22.01191777486290000,5.69384033140369000,0.00000000000000000,0.06930936039221950,0.06930936039221950
20.20000000000000000,28436.90729819980000000,22.10538112377140000,5.68787729948717000,0.00000000000000000,0.06809359051020870,0.06809359051020870
20.30000000000000000,28475.29939346010000000,22.19873876811920000,5.68192409762284000,0.00000000000000000,0.06687898585295080,0.06687898585295080
20.40000000000000000,28512.95631267870000000,22.29199103004060000,5.67598051667088000,0.00000000000000000,0.06566553615712820,0.06566553615712820
20.50000000000000000,28549.88050762190000000,22.38513822769340000,5.67004635052746000,0.00000000000000000,0.06445323123586210,0.06445323123586210
20.60000000000000000,28586.07441074020000000,22.47818067494550000,5.66412139607796000,0.00000000000000000,0.06324206098029640,0.06324206098029640
20.70000000000000000,28621.54043542590000000,22.57111868177040000,5.65820545315145000,0.00000000000000000,0.06203201536111560,0.06203201536111560
20.80000000000000000,28656.28097626560000000,22.66395255393420000,5.65229832447606000,0.00000000000000000,0.06082308443000090,0.06082308443000090
20.90000000000000000,28690.29840929060000000,22.75668259332730000,5.64639981563508000,0.00000000000000000,0.05961525832102660,0.05961525832102660
21.00000000000000000,28723.59509221830000000,22.84930909794150000,5.64050973502383000,0.00000000000000000,0.05840852725199990,0.05840852725199990
21.10000000000000000,28756.17336469880000000,22.94183236167520000,5.63462789380744000,0.00000000000000000,0.05720288152574450,0.05720288152574450
21.20000000000000000,28788.03554855280000000,23.03425267488650000,5.62875410587925000,0.00000000000000000,0.05599831153133270,0.05599831153133270
21.30000000000000000,28819.18394801390000000,23.12657032385020000,5.62288818782025000,0.00000000000000000,0.05479480774526710,0.05479480774526710
21.40000000000000000,28849.62084996320000000,23.21878559124920000,5.61702995885896000,0.00000000000000000,0.05359236073261290,0.05359236073261290
21.50000000000000000,28879.34852416440000000,23.31089875597520000,5.61117924083230000,0.00000000000000000,0.05239096114808610,0.05239096114808610
21.60000000000000000,28908.36922349400000000,23.40291009332840000,5.60533585814698000,0.00000000000000000,0.05119059973709480,0.05119059973709480
21.70000000000000000,28936.68518417320000000,23.49481987493150000,5.59949963774170000,0.00000000000000000,0.04999126733674040,0.04999126733674040
21.80000000000000000,28964.29862599820000000,23.58662836875760000,5.59367040905014000,0.00000000000000000,0.04879295487677740,0.04879295487677740
21.90000000000000000,28991.21175255620000000,23.67833583932350000,5.58784800396425000,0.00000000000000000,0.04759565338053390,0.04759565338053390
22.00000000000000000,29017.42675145710000000,23.76994254754600000,5.58203225679861000,0.00000000000000000,0.04639935396579620,0.04639935396579620
22.10000000000000000,29042.94579455250000000,23.86144875098790000,5.57622300425525000,0.00000000000000000,0.04520404784565660,0.04520404784565660
22.20000000000000000,29067.77103814850000000,23.95285470365830000,5.57042008538899000,0.00000000000000000,0.04400972632932880,0.04400972632932880
22.30000000000000000,29091.90462322900000000,24.04416065619960000,5.56462334157360000,0.00000000000000000,0.04281638082292990,0.04281638082292990
22.40000000000000000,29115.34867567190000000,24.13536685601710000,5.55883261646859000,0.00000000000000000,0.04162400283023180,0.04162400283023180
22.50000000000000000,29138.10530645400000000,24.22647354696890000,5.55304775598624000,0.00000000000000000,0.04043258395338330,0.04043258395338330
22.60000000000000000,29160.17661186300000000,24.31748096987650000,5.54726860825955000,0.00000000000000000,0.03924211589360410,0.03924211589360410
22.70000000000000000,29181.56467371800000000,24.40838936205090000,5.54149502361083000,0.00000000000000000,0.03805259045185170,0.03805259045185160
22.80000000000000000,29202.27155955880000000,24.49919895785170000,5.53572685452035000,0.00000000000000000,0.03686399952946320,0.03686399952946320
22.90000000000000000,29222.29932285840000000,24.58990998821550000,5.52996395559599000,0.00000000000000000,0.03567633512877250,0.03567633512877250
23.00000000000000000,29241.65000322830000000,24.68052268110150000,5.52420618354334000,0.00000000000000000,0.03448958935370490,0.03448958935370490
23.10000000000000000,29260.32562661170000000,24.77103726128910000,5.51845339713608000,0.00000000000000000,0.03330375441034830,0.03330375441034830
23.20000000000000000,29278.32820548860000000,24.86145395044510000,5.51270545718721000,0.00000000000000000,0.03211882260750560,0.03211882260750560
23.30000000000000000,29295.65973907330000000,24.95177296729430000,5.50696222652056000,0.00000000000000000,0.03093478635722550,0.03093478635722550
23.40000000000000000,29312.32221350440000000,25.04199452741800000,5.50122356994280000,0.00000000000000000,0.02975163817531530,0.02975163817531530
23.50000000000000000,29328.31760203830000000,25.13211884347620000,5.49548935421593000,0.00000000000000000,0.02856937068183580,0.02856937068183580
23.60000000000000000,29343.64786524320000000,25.22214612516390000,5.48975944803031000,0.00000000000000000,0.02738797660157890,0.02738797660157890
23.70000000000000000,29358.31495118880000000,25.31207657932330000,5.48403372197816000,0.00000000000000000,0.02620744876452970,0.02620744876452970
23.80000000000000000,29372.32079563660000000,25.40191040974380000,5.47831204852749000,0.00000000000000000,0.02502778010631330,0.02502778010631330
23.90000000000000000,29385.66732221840000000,25.49164781753290000,5.47259430199626000,0.00000000000000000,0.02384896366862700,0.02384896366862700
24.00000000000000000,29398.35644262650000000,25.58128900075960000,5.46688035852728000,0.00000000000000000,0.02267099259965990,0.02267099259965990
24.10000000000000000,29410.39005679260000000,25.67083415497610000,5.46117009606334000,0.00000000000000000,0.02149386015449870,0.02149386015449870
24.20000000000000000,29421.77005307740000000,25.76028347260480000,5.45546339432299000,0.00000000000000000,0.02031755969552250,0.02031755969552250
24.30000000000000000,29432.49830843880000000,25.84963714366150000,5.44976013477629000,0.00000000000000000,0.01914208469278630,0.01914208469278630
24.40000000000000000,29442.57668861740000000,25.93889535519510000,5.44406020062141000,0.00000000000000000,0.01796742872439330,0.01796742872439330
24.50000000000000000,29452.00704831250000000,26.02805829164860000,5.43836347676143000,0.00000000000000000,0.01679358547685850,0.01679358547685850
24.60000000000000000,29460.79123134530000000,26.11712613486010000,5.43266984978123000,0.00000000000000000,0.01562054874546260,0.01562054874546260
24.70000000000000000,29468.93107085300000000,26.20609906391270000,5.42697920792555000,0.00000000000000000,0.01444831243459700,0.01444831243459700
24.80000000000000000,29476.42838943750000000,26.29497725538820000,5.42129144107641000,0.00000000000000000,0.01327687055810180,0.01327687055810180
24.90000000000000000,29483.28499935560000000,26.38376088321540000,5.41560644073181000,0.00000000000000000,0.01210621723959570,0.01210621723959570
25.00000000000000000,29489.50270267570000000,26.47245011872140000,5.40992409998410000,0.00000000000000000,0.01093634671279990,0.01093634671279990
25.10000000000000000,29495.08329144490000000,26.56104513082960000,5.40424431349902000,0.00000000000000000,0.00976725332185512,0.00976725332185512
25.20000000000000000,29500.02854786060000000,26.64954608585890000,5.39856697749507000,0.00000000000000000,0.00859893152163344,0.00859893152163344
25.30000000000000000,29504.34024442730000000,26.73795314767060000,5.39289198972308000,0.00000000000000000,0.00743137587804483,0.00743137587804483
25.40000000000000000,29508.02014412730000000,26.82626647761750000,5.38721924944629000,0.00000000000000000,0.00626458106833873,0.00626458106833873
25.50000000000000000,29511.07000058140000000,26.91448623468750000,5.38154865742073000,0.00000000000000000,0.00509854188140210,0.00509854188140210
25.60000000000000000,29513.49155819780000000,27.00261257545110000,5.37588011587546000,0.00000000000000000,0.00393325321805304,0.00393325321805304
25.70000000000000000,29515.28655234720000000,27.09064565400820000,5.37021352849399000,0.00000000000000000,0.00276871009133160,0.00276871009133160
25.80000000000000000,29516.45670950780000000,27.17858562217970000,5.36454880039514000,0.00000000000000000,0.00160490762678745,0.00160490762678745
25.90000000000000000,29517.00374742220000000,27.26643262940370000,5.35888583811461000,0.00000000000000000,0.00044184106276503,0.00044184106276503
26.00000000000000000,29516.92937526470000000,27.35418682282750000,5.35322454958708000,0.00000000000000000,-0.00072049424931310,-0.00072049424931310
26.10000000000000000,29516.23529377580000000,27.44184834725330000,5.34756484412785000,0.00000000000000000,-0.00188210284466491,-0.00188210284466491
26.20000000000000000,29514.92319543280000000,27.52941734522810000,5.34190663241568000,0.00000000000000000,-0.00304298914486873,-0.00304298914486873
26.30000000000000000,29512.99476458870000000,27.61689395708430000,5.33624982647514000,0.00000000000000000,-0.00420315745758396,-0.00420315745758395
26.40000000000000000,29510.45167762410000000,27.70427832088440000,5.33059433965958000,0.00000000000000000,-0.00536261197627292,-0.00536261197627292
26.50000000000000000,29507.29560309640000000,27.79157057246140000,5.32494008663432000,0.00000000000000000,-0.00652135677992232,-0.00652135677992232
26.60000000000000000,29503.52820189670000000,27.87877084545800000,5.31928698336035000,0.00000000000000000,-0.00767939583276560,-0.00767939583276560
26.70000000000000000,29499.15112737560000000,27.96587927141230000,5.31363494707753000,0.00000000000000000,-0.00883673298400397,-0.00883673298400397
26.80000000000000000,29494.16602551190000000,28.05289597965410000,5.30798389628911000,0.00000000000000000,-0.00999337196752793,-0.00999337196752793
26.90000000000000000,29488.57453503460000000,28.13982109743710000,5.30233375074539000,0.00000000000000000,-0.01114931640163710,-0.01114931640163710
27.00000000000000000,29482.37828758350000000,28.22665474988110000,5.29668443142863000,0.00000000000000000,-0.01230456978875970,-0.01230456978875970
27.10000000000000000,29475.57890783990000000,28.31339705991660000,5.29103586053738000,0.00000000000000000,-0.01345913551516990,-0.01345913551516990
27.20000000000000000,29468.17801367110000000,28.40004814859960000,5.28538796147156000,0.00000000000000000,-0.01461301685070400,-0.01461301685070400
27.30000000000000000,29460.17721627280000000,28.48660813482110000,5.27974065881764000,0.00000000000000000,-0.01576621694847460,-0.01576621694847460
27.40000000000000000,29451.57812030240000000,28.57307713548160000,5.27409387833385000,0.00000000000000000,-0.01691873884458320,-0.01691873884458320
27.50000000000000000,29442.38232401750000000,28.65945526534130000,5.26844754693583000,0.00000000000000000,-0.01807058545782950,-0.01807058545782950
27.60000000000000000,29432.59141941740000000,28.74574263742210000,5.26280159268251000,0.00000000000000000,-0.01922175958941900,-0.01922175958941900
27.70000000000000000,29422.20699237280000000,28.83193936253530000,5.25715594476203000,0.00000000000000000,-0.02037226392266800,-0.02037226392266800
27.80000000000000000,29411.23062276460000000,28.91804554972730000,5.25151053347800000,0.00000000000000000,-0.02152210102270460,-0.02152210102270460
27.90000000000000000,29399.66388461360000000,29.00406130590100000,5.24586529023589000,0.00000000000000000,-0.02267127333616800,-0.02267127333616800
28.00000000000000000,29387.50834621480000000,29.08998673625810000,5.24022014752968000,0.00000000000000000,-0.02381978319090380,-0.02381978319090380
28.10000000000000000,29374.76557027170000000,29.17582194392140000,5.23457503892875000,0.00000000000000000,-0.02496763279565570,-0.02496763279565570
28.20000000000000000,29361.43711402260000000,29.26156703028340000,5.22892989906479000,0.00000000000000000,-0.02611482423975410,-0.02611482423975410
28.30000000000000000,29347.52452937140000000,29.34722209472040000,5.22328466361905000,0.00000000000000000,-0.02726135949280060,-0.02726135949280060
28.40000000000000000,29333.02936302120000000,29.43278723493850000,5.21763926930985000,0.00000000000000000,-0.02840724040434910,-0.02840724040434910
28.50000000000000000,29317.95315659790000000,29.51826254664380000,5.21199365388003000,0.00000000000000000,-0.02955246870358190,-0.02955246870358190
28.60000000000000000,29302.29744677610000000,29.60364812384090000,5.20634775608476000,0.00000000000000000,-0.03069704599898260,-0.03069704599898260
28.70000000000000000,29286.06376541030000000,29.68894405868290000,5.20070151567952000,0.00000000000000000,-0.03184097377800410,-0.03184097377800410
28.80000000000000000,29269.25363965330000000,29.77415044158940000,5.19505487340812000,0.00000000000000000,-0.03298425340673260,-0.03298425340673260
28.90000000000000000,29251.86859209090000000,29.85926736118550000,5.18940777099118000,0.00000000000000000,-0.03412688612954660,-0.03412688612954660
29.00000000000000000,29233.91014085330000000,29.94429490433010000,5.18376015111437000,0.00000000000000000,-0.03526887306877160,-0.03526887306877160
29.10000000000000000,29215.37979974970000000,30.02923315618750000,5.17811195741723000,0.00000000000000000,-0.03641021522432990,-0.03641021522432990
29.20000000000000000,29196.27907838670000000,30.11408220025340000,5.17246313448196000,0.00000000000000000,-0.03755091347338540,-0.03755091347338540
29.30000000000000000,29176.60948228460000000,30.19884211825060000,5.16681362782220000,0.00000000000000000,-0.03869096856998390,-0.03869096856998390
29.40000000000000000,29156.37251299990000000,30.28351299024270000,5.16116338387222000,0.00000000000000000,-0.03983038114468760,-0.03983038114468760
29.50000000000000000,29135.56966825570000000,30.36809489461670000,5.15551234997642000,0.00000000000000000,-0.04096915170420510,-0.04096915170420510
29.60000000000000000,29114.20244204620000000,30.45258790815150000,5.14986047437843000,0.00000000000000000,-0.04210728063101640,-0.04210728063101640
29.70000000000000000,29092.27232475950000000,30.53699210591300000,5.14420770621078000,0.00000000000000000,-0.04324476818299140,-0.04324476818299140
29.80000000000000000,29069.78080330410000000,30.62130756149540000,5.13855399548485000,0.00000000000000000,-0.04438161449300430,-0.04438161449300430
29.90000000000000000,29046.72936121000000000,30.70553434674270000,5.13289929308033000,0.00000000000000000,-0.04551781956854230,-0.04551781956854230
30.00000000000000000,29023.11947876210000000,30.78967253198920000,5.12724355073570000,0.00000000000000000,-0.04665338329130830,-0.04665338329130830
30.10000000000000000,28998.95263310140000000,30.87372218591090000,5.12158672103799000,0.00000000000000000,-0.04778830541681850,-0.04778830541681850
30.20000000000000000,28974.23029835150000000,30.95768337576330000,5.11592875741339000,0.00000000000000000,-0.04892258557399420,-0.04892258557399420
30.30000000000000000,28948.95394572240000000,31.04155616714750000,5.11026961411744000,0.00000000000000000,-0.05005622326474820,-0.05005622326474820
30.40000000000000000,28923.12504362680000000,31.12534062416160000,5.10460924622564000,0.00000000000000000,-0.05118921786356550,-0.05118921786356550
30.50000000000000000,28896.74505780260000000,31.20903680938040000,5.09894760962439000,0.00000000000000000,-0.05232156861707760,-0.05232156861707760
30.60000000000000000,28869.81545140960000000,31.29264478396180000,5.09328466100147000,0.00000000000000000,-0.05345327464363240,-0.05345327464363240
30.70000000000000000,28842.33768515280000000,31.37616460745740000,5.08762035783727000,0.00000000000000000,-0.05458433493285660,-0.05458433493285660
30.80000000000000000,28814.31321738660000000,31.45959633800320000,5.08195465839570000,0.00000000000000000,-0.05571474834521370,-0.05571474834521370
30.90000000000000000,28785.74350423360000000,31.54294003229800000,5.07628752171565000,0.00000000000000000,-0.05684451361155560,-0.05684451361155560
31.00000000000000000,28756.62999968230000000,31.62619574558230000,5.07061890760198000,0.00000000000000000,-0.05797362933266820,-0.05797362933266820
31.10000000000000000,28726.97415570910000000,31.70936353165930000,5.06494877661734000,0.00000000000000000,-0.05910209397881110,-0.05910209397881110
31.20000000000000000,28696.77742237220000000,31.79244344287340000,5.05927709007336000,0.00000000000000000,-0.06022990588925180,-0.06022990588925180
31.30000000000000000,28666.04124793410000000,31.87543553029600000,5.05360381002270000,0.00000000000000000,-0.06135706327179360,-0.06135706327179360
31.40000000000000000,28634.76707896210000000,31.95833984345540000,5.04792889925072000,0.00000000000000000,-0.06248356420229770,-0.06248356420229770
31.50000000000000000,28602.95636042950000000,32.04115643064520000,5.04225232126722000,0.00000000000000000,-0.06360940662419950,-0.06360940662419950
31.60000000000000000,28570.61053583390000000,32.12388533869620000,5.03657404029882000,0.00000000000000000,-0.06473458834801860,-0.06473458834801860
31.70000000000000000,28537.73104729870000000,32.20652661315950000,5.03089402128095000,0.00000000000000000,-0.06585910705086340,-0.06585910705086340
31.80000000000000000,28504.31933566920000000,32.28908029816140000,5.02521222984993000,0.00000000000000000,-0.06698296027592940,-0.06698296027592940
31.90000000000000000,28470.37684062860000000,32.37154643662610000,5.01952863233560000,0.00000000000000000,-0.06810614543199170,-0.06810614543199170
32.00000000000000000,28435.90500079460000000,32.45392507012970000,5.01384319575357000,0.00000000000000000,-0.06922865979289140,-0.06922865979289140
32.10000000000000000,28400.90525383130000000,32.53621623887790000,5.00815588779804000,0.00000000000000000,-0.07035050049701680,-0.07035050049701680
32.20000000000000000,28365.37903654570000000,32.61841998188610000,5.00246667683428000,0.00000000000000000,-0.07147166454677790,-0.07147166454677790
32.30000000000000000,28329.32778498900000000,32.70053633687450000,4.99677553189142000,0.00000000000000000,-0.07259214880807530,-0.07259214880807530
32.40000000000000000,28292.75293456010000000,32.78256534028520000,4.99108242265531000,0.00000000000000000,-0.07371195000976350,-0.07371195000976350
32.50000000000000000,28255.65592011430000000,32.86450702741960000,4.98538731946169000,0.00000000000000000,-0.07483106474310890,-0.07483106474310880
32.60000000000000000,28218.03817605600000000,32.94636143217350000,4.97969019328905000,0.00000000000000000,-0.07594948946124020,-0.07594948946124020
32.70000000000000000,28179.90113643920000000,33.02812858737470000,4.97399101575183000,0.00000000000000000,-0.07706722047859540,-0.07706722047859540
32.80000000000000000,28141.24623506880000000,33.10980852455790000,4.96828975909366000,0.00000000000000000,-0.07818425397036160,-0.07818425397036160
32.90000000000000000,28102.07490560780000000,33.19140127418060000,4.96258639618092000,0.00000000000000000,-0.07930058597190940,-0.07930058597190940
33.00000000000000000,28062.38858166330000000,33.27290686535940000,4.95688090049586000,0.00000000000000000,-0.08041621237822220,-0.08041621237822220
33.10000000000000000,28022.18869689470000000,33.35432532620320000,4.95117324613038000,0.00000000000000000,-0.08153112894331920,-0.08153112894331920
33.20000000000000000,27981.47668511040000000,33.43565668355080000,4.94546340777960000,0.00000000000000000,-0.08264533127967350,-0.08264533127967350
33.30000000000000000,27940.25398036090000000,33.51690096318300000,4.93975136073546000,0.00000000000000000,-0.08375881485762460,-0.08375881485762460
33.40000000000000000,27898.52201704300000000,33.59805818967990000,4.93403708088068000,0.00000000000000000,-0.08487157500478480,-0.08487157500478480
33.50000000000000000,27856.28222998970000000,33.67912838659170000,4.92832054468250000,0.00000000000000000,-0.08598360690544180,-0.08598360690544180
33.60000000000000000,27813.53605457020000000,33.76011157625710000,4.92260172918671000,0.00000000000000000,-0.08709490559995370,-0.08709490559995370
33.70000000000000000,27770.28492678700000000,33.84100777997420000,4.91688061201173000,0.00000000000000000,-0.08820546598414120,-0.08820546598414120
33.80000000000000000,27726.53028337280000000,33.92181701805170000,4.91115717134276000,0.00000000000000000,-0.08931528280867290,-0.08931528280867290
33.90000000000000000,27682.27356187620000000,34.00253930958940000,4.90543138592581000,0.00000000000000000,-0.09042435067844620,-0.09042435067844620
34.00000000000000000,27637.51620076960000000,34.08317467268600000,4.89970323506225000,0.00000000000000000,-0.09153266405196300,-0.09153266405196300
34.10000000000000000,27592.25963953130000000,34.16372312445100000,4.89397269860296000,0.00000000000000000,-0.09264021724070060,-0.09264021724070060
34.20000000000000000,27546.50531874970000000,34.24418468086370000,4.88823975694296000,0.00000000000000000,-0.09374700440847720,-0.09374700440847720
34.30000000000000000,27500.25468020880000000,34.32455935693970000,4.88250439101577000,0.00000000000000000,-0.09485301957081350,-0.09485301957081350
34.40000000000000000,27453.50916698940000000,34.40484716674290000,4.87676658228820000,0.00000000000000000,-0.09595825659428830,-0.09595825659428830
34.50000000000000000,27406.27022355050000000,34.48504812320590000,4.87102631275480000,0.00000000000000000,-0.09706270919589100,-0.09706270919589100
34.60000000000000000,27358.53929583350000000,34.56516223841010000,4.86528356493283000,0.00000000000000000,-0.09816637094236790,-0.09816637094236790
34.70000000000000000,27310.31783134490000000,34.64518952340570000,4.85953832185688000,0.00000000000000000,-0.09926923524956540,-0.09926923524956540
34.80000000000000000,27261.60727925220000000,34.72512998830020000,4.85379056707392000,0.00000000000000000,-0.10037129538176700,-0.10037129538176700
34.90000000000000000,27212.40909047420000000,34.80498364223100000,4.84804028463818000,0.00000000000000000,-0.10147254445103100,-0.10147254445103100
35.00000000000000000,27162.72471777350000000,34.88475049341500000,4.84228745910627000,0.00000000000000000,-0.10257297541651500,-0.10257297541651500
35.10000000000000000,27112.55561584230000000,34.96443054915910000,4.83653207553217000,0.00000000000000000,-0.10367258108380400,-0.10367258108380400
35.20000000000000000,27061.90324139590000000,35.04402381579540000,4.83077411946246000,0.00000000000000000,-0.10477135410423300,-0.10477135410423300
35.30000000000000000,27010.76905326170000000,35.12353029888040000,4.82501357693159000,0.00000000000000000,-0.10586928697420400,-0.10586928697420400
35.40000000000000000,26959.15451246870000000,35.20295000297890000,4.81925043445715000,0.00000000000000000,-0.10696637203450000,-0.10696637203450000
35.50000000000000000,26907.06108233330000000,35.28228293182490000,4.81348467903524000,0.00000000000000000,-0.10806260146959500,-0.10806260146959500
35.60000000000000000,26854.49022854860000000,35.36152908825650000,4.80771629813584000,0.00000000000000000,-0.10915796730696000,-0.10915796730696000
35.70000000000000000,26801.44341927390000000,35.44068847426300000,4.80194527969842000,0.00000000000000000,-0.11025246141636900,-0.11025246141636900
35.80000000000000000,26747.92212522770000000,35.51976109103180000,4.79617161212757000,0.00000000000000000,-0.11134607550919700,-0.11134607550919700
35.90000000000000000,26693.92781975860000000,35.59874693888290000,4.79039528428831000,0.00000000000000000,-0.11243880113771700,-0.11243880113771700
36.00000000000000000,26639.46197895330000000,35.67764601735270000,4.78461628550221000,0.00000000000000000,-0.11353062969439600,-0.11353062969439600
36.10000000000000000,26584.52608170730000000,35.75645832509230000,4.77883460554278000,0.00000000000000000,-0.11462155241118000,-0.11462155241118000
36.20000000000000000,26529.12160981440000000,35.83518386006020000,4.77305023463143000,0.00000000000000000,-0.11571156035879100,-0.11571156035879100
36.30000000000000000,26473.25004805620000000,35.91382261942090000,4.76726316343330000,0.00000000000000000,-0.11680064444600400,-0.11680064444600300
36.40000000000000000,26416.91288428380000000,35.99237459944290000,4.76147338305323000,0.00000000000000000,-0.11788879541893300,-0.11788879541893300
36.50000000000000000,26360.11160950730000000,36.07083979580070000,4.75568088503175000,0.00000000000000000,-0.11897600386031600,-0.11897600386031600
36.60000000000000000,26302.84771797430000000,36.14921820332650000,4.74988566134102000,0.00000000000000000,-0.12006226018878500,-0.12006226018878500
36.70000000000000000,26245.12270726260000000,36.22750981616390000,4.74408770438114000,0.00000000000000000,-0.12114755465814800,-0.12114755465814900
36.80000000000000000,26186.93807835130000000,36.30571462763090000,4.73828700697600000,0.00000000000000000,-0.12223187735666200,-0.12223187735666200
36.90000000000000000,26128.29533571750000000,36.38383263048120000,4.73248356236974000,0.00000000000000000,-0.12331521820630100,-0.12331521820630100
37.00000000000000000,26069.19598741080000000,36.46186381665790000,4.72667736422293000,0.00000000000000000,-0.12439756696203600,-0.12439756696203600
37.10000000000000000,26009.64154513920000000,36.53980817744580000,4.72086840660884000,0.00000000000000000,-0.12547891321109500,-0.12547891321109500
37.20000000000000000,25949.63352435080000000,36.61766570344230000,4.71505668400987000,0.00000000000000000,-0.12655924637223700,-0.12655924637223700
37.30000000000000000,25889.17344431570000000,36.69543638463630000,4.70924219131394000,0.00000000000000000,-0.12763855569501400,-0.12763855569501400
37.40000000000000000,25828.26282821220000000,36.77312021030690000,4.70342492381109000,0.00000000000000000,-0.12871683025904100,-0.12871683025904100
37.50000000000000000,25766.90320319680000000,36.85071716906640000,4.69760487718975000,0.00000000000000000,-0.12979405897326000,-0.12979405897326000
37.60000000000000000,25705.09610049790000000,36.92822724893850000,4.69178204753357000,0.00000000000000000,-0.13087023057520100,-0.13087023057520100
37.70000000000000000,25642.84305549040000000,37.00565043729270000,4.68595643131796000,0.00000000000000000,-0.13194533363025200,-0.13194533363025200
37.80000000000000000,25580.14560776940000000,37.08298672095770000,4.68012802540663000,0.00000000000000000,-0.13301935653091500,-0.13301935653091500
37.90000000000000000,25517.00530124080000000,37.16023608612020000,4.67429682704853000,0.00000000000000000,-0.13409228749607600,-0.13409228749607600
38.00000000000000000,25453.42368419840000000,37.23739851833140000,4.66846283387455000,0.00000000000000000,-0.13516411457026600,-0.13516411457026600
38.10000000000000000,25389.40230939530000000,37.31447400265440000,4.66262604389426000,0.00000000000000000,-0.13623482562292500,-0.13623482562292500
38.20000000000000000,25324.94273412970000000,37.39146252352770000,4.65678645549286000,0.00000000000000000,-0.13730440834766500,-0.13730440834766500
38.30000000000000000,25260.04652032250000000,37.46836406487730000,4.65094406742813000,0.00000000000000000,-0.13837285026153600,-0.13837285026153600
38.40000000000000000,25194.71523459250000000,37.54517861012080000,4.64509887882731000,0.00000000000000000,-0.13944013870429400,-0.13944013870429400
38.50000000000000000,25128.95044833040000000,37.62190614199790000,4.63925088918407000,0.00000000000000000,-0.14050626083766300,-0.14050626083766300
38.60000000000000000,25062.75373778860000000,37.69854664296090000,4.63340009835577000,0.00000000000000000,-0.14157120364460800,-0.14157120364460800
38.70000000000000000,24996.12668414040000000,37.77510009475880000,4.62754650656029000,0.00000000000000000,-0.14263495392860300,-0.14263495392860300
38.80000000000000000,24929.07087356970000000,37.85156647872230000,4.62169011437336000,0.00000000000000000,-0.14369749831289900,-0.14369749831289900
38.90000000000000000,24861.58789734170000000,37.92794577573310000,4.61583092272569000,0.00000000000000000,-0.14475882323980300,-0.14475882323980300
39.00000000000000000,24793.67935187370000000,38.00423796619310000,4.60996893290011000,0.00000000000000000,-0.14581891496995000,-0.14581891496995000
39.10000000000000000,24725.34683882070000000,38.08044302995970000,4.60410414652905000,0.00000000000000000,-0.14687775958158000,-0.14687775958158000
39.20000000000000000,24656.59196513890000000,38.15656094659240000,4.59823656559158000,0.00000000000000000,-0.14793534296982000,-0.14793534296982000
39.30000000000000000,24587.41634316740000000,38.23259169507970000,4.59236619241101000,0.00000000000000000,-0.14899165084596700,-0.14899165084596700
39.40000000000000000,24517.82159069920000000,38.30853525405040000,4.58649302965216000,0.00000000000000000,-0.15004666873677400,-0.15004666873677400
39.50000000000000000,24447.80933105200000000,38.38439160174280000,4.58061708031876000,0.00000000000000000,-0.15110038198373900,-0.15110038198373900
39.60000000000000000,24377.38119314230000000,38.46016071593920000,4.57473834775097000,0.00000000000000000,-0.15215277574239600,-0.15215277574239600
39.70000000000000000,24306.53881155690000000,38.53584257407230000,4.56885683562289000,0.00000000000000000,-0.15320383498161800,-0.15320383498161800
39.80000000000000000,24235.28382663420000000,38.61143715319440000,4.56297254794022000,0.00000000000000000,-0.15425354448290900,-0.15425354448290900
39.90000000000000000,24163.61788452040000000,38.68694443001470000,4.55708548903766000,0.00000000000000000,-0.15530188883971600,-0.15530188883971600
40.00000000000000000,24091.54263724750000000,38.76236438083340000,4.55119566357659000,0.00000000000000000,-0.15634885245673600,-0.15634885245673600
40.10000000000000000,24019.05974280460000000,38.83769698164790000,4.54530307654280000,0.00000000000000000,-0.15739441954922800,-0.15739441954922800
40.20000000000000000,23946.17086521160000000,38.91294220812060000,4.53940773324424000,0.00000000000000000,-0.15843857414233700,-0.15843857414233700
40.30000000000000000,23872.87767457960000000,38.98810003561560000,4.53350963930860000,0.00000000000000000,-0.15948130007041300,-0.15948130007041300
40.40000000000000000,23799.18184718490000000,39.06317043916750000,4.52760880068116000,0.00000000000000000,-0.16052258097634700,-0.16052258097634700
40.50000000000000000,23725.08506553620000000,39.13815339351730000,4.52170522362259000,0.00000000000000000,-0.16156240031090100,-0.16156240031090100
40.60000000000000000,23650.58901844910000000,39.21304887314860000,4.51579891470692000,0.00000000000000000,-0.16260074133205500,-0.16260074133205500
40.70000000000000000,23575.69540110230000000,39.28785685222210000,4.50988988081916000,0.00000000000000000,-0.16363758710435100,-0.16363758710435100
40.80000000000000000,23500.40591511500000000,39.36257730467870000,4.50397812915349000,0.00000000000000000,-0.16467292049825300,-0.16467292049825300
40.90000000000000000,23424.72226860740000000,39.43721020427430000,4.49806366721103000,0.00000000000000000,-0.16570672418950300,-0.16570672418950300
41.00000000000000000,23348.64617626740000000,39.51175552441440000,4.49214650279783000,0.00000000000000000,-0.16673898065849700,-0.16673898065849700
41.10000000000000000,23272.17935941740000000,39.58621323832300000,4.48622664402296000,0.00000000000000000,-0.16776967218965600,-0.16776967218965600
41.20000000000000000,23195.32354608550000000,39.66058331907720000,4.48030409929661000,0.00000000000000000,-0.16879878087081200,-0.16879878087081200
41.30000000000000000,23118.08047105740000000,39.73486573947480000,4.47437887732797000,0.00000000000000000,-0.16982628859260400,-0.16982628859260400
41.40000000000000000,23040.45187594740000000,39.80906047213660000,4.46845098712348000,0.00000000000000000,-0.17085217704787400,-0.17085217704787400
41.50000000000000000,22962.43950926510000000,39.88316748957220000,4.46252043798499000,0.00000000000000000,-0.17187642773108100,-0.17187642773108100
41.60000000000000000,22884.04512647530000000,39.95718676408270000,4.45658723950791000,0.00000000000000000,-0.17289902193771600,-0.17289902193771600
41.70000000000000000,22805.27049005400000000,40.03111826779420000,4.45065140157927000,0.00000000000000000,-0.17391994076373400,-0.17391994076373400
41.80000000000000000,22726.11736955860000000,40.10496197275760000,4.44471293437614000,0.00000000000000000,-0.17493916510498900,-0.17493916510498900
41.90000000000000000,22646.58754168820000000,40.17871785081740000,4.43877184836384000,0.00000000000000000,-0.17595667565668400,-0.17595667565668400
42.00000000000000000,22566.68279033890000000,40.25238587377700000,4.43282815429417000,0.00000000000000000,-0.17697245291282600,-0.17697245291282600
42.10000000000000000,22486.40490667140000000,40.32596601329980000,4.42688186320382000,0.00000000000000000,-0.17798647716569800,-0.17798647716569800
42.20000000000000000,22405.75568916640000000,40.39945824097560000,4.42093298641266000,0.00000000000000000,-0.17899872850533500,-0.17899872850533500
42.30000000000000000,22324.73694368070000000,40.47286252828800000,4.41498153552211000,0.00000000000000000,-0.18000918681901900,-0.18000918681901900
42.40000000000000000,22243.35048351430000000,40.54617884664690000,4.40902752241362000,0.00000000000000000,-0.18101783179078000,-0.18101783179078000
42.50000000000000000,22161.59812945500000000,40.61940716748640000,4.40307095924694000,0.00000000000000000,-0.18202464290090700,-0.18202464290090700
42.60000000000000000,22079.48170984900000000,40.69254746213390000,4.39711185845875000,0.00000000000000000,-0.18302959942547900,-0.18302959942547900
42.70000000000000000,21997.00306064630000000,40.76559970187560000,4.39115023276102000,0.00000000000000000,-0.18403268043590500,-0.18403268043590500
42.80000000000000000,21914.16402546680000000,40.83856385798790000,4.38518609513962000,0.00000000000000000,-0.18503386479847100,-0.18503386479847100
42.90000000000000000,21830.96645564580000000,40.91143990176960000,4.37921945885275000,0.00000000000000000,-0.18603313117391200,-0.18603313117391200
43.00000000000000000,21747.41221029680000000,40.98422780447650000,4.37325033742961000,0.00000000000000000,-0.18703045801698600,-0.18703045801698600
43.10000000000000000,21663.50315635650000000,41.05692753744970000,4.36727874466882000,0.00000000000000000,-0.18802582357607000,-0.18802582357607000
43.20000000000000000,21579.24116864800000000,41.12953907201780000,4.36130469463721000,0.00000000000000000,-0.18901920589277000,-0.18901920589277000
43.30000000000000000,21494.62812992550000000,41.20206237952890000,4.35532820166836000,0.00000000000000000,-0.19001058280153800,-0.19001058280153800
43.40000000000000000,21409.66593093050000000,41.27449743141300000,4.34934928036123000,0.00000000000000000,-0.19099993192931400,-0.19099993192931400
43.50000000000000000,21324.35647044330000000,41.34684419918130000,4.34336794557893000,0.00000000000000000,-0.19198723069517900,-0.19198723069517900
43.60000000000000000,21238.70165532820000000,41.41910265436080000,4.33738421244729000,0.00000000000000000,-0.19297245631002200,-0.19297245631002200
43.70000000000000000,21152.70340058950000000,41.49127276865230000,4.33139809635370000,0.00000000000000000,-0.19395558577622500,-0.19395558577622500
43.80000000000000000,21066.36362941560000000,41.56335451377050000,4.32540961294575000,0.00000000000000000,-0.19493659588736900,-0.19493659588736900
43.90000000000000000,20979.68427323170000000,41.63534786163190000,4.31941877813011000,0.00000000000000000,-0.19591546322794700,-0.19591546322794700
44.00000000000000000,20892.66727174440000000,41.70725278422740000,4.31342560807119000,0.00000000000000000,-0.19689216417310700,-0.19689216417310700
44.10000000000000000,20805.31457299360000000,41.77906925368320000,4.30743011919011000,0.00000000000000000,-0.19786667488839900,-0.19786667488839900
44.20000000000000000,20717.62813338630000000,41.85079724225940000,4.30143232816329000,0.00000000000000000,-0.19883897132955300,-0.19883897132955300
44.30000000000000000,20629.60991775610000000,41.92243672244260000,4.29543225192150000,0.00000000000000000,-0.19980902924226700,-0.19980902924226700
44.40000000000000000,20541.26189940420000000,41.99398766681780000,4.28942990764873000,0.00000000000000000,-0.20077682416201500,-0.20077682416201500
44.50000000000000000,20452.58606013280000000,42.06545004819210000,4.28342531278081000,0.00000000000000000,-0.20174233141388100,-0.20174233141388100
44.60000000000000000,20363.58439030490000000,42.13682383959250000,4.27741848500470000,0.00000000000000000,-0.20270552611240300,-0.20270552611240300
44.70000000000000000,20274.25888887420000000,42.20810901423220000,4.27140944225713000,0.00000000000000000,-0.20366638316144400,-0.20366638316144400
44.80000000000000000,20184.61156342920000000,42.27930554550830000,4.26539820272358000,0.00000000000000000,-0.20462487725408200,-0.20462487725408200
44.90000000000000000,20094.64443023500000000,42.35041340709320000,4.25938478483732000,0.00000000000000000,-0.20558098287251900,-0.20558098287251900
45.00000000000000000,20004.35951427370000000,42.42143257293140000,4.25336920727832000,0.00000000000000000,-0.20653467428801200,-0.20653467428801200
45.10000000000000000,19913.75884928550000000,42.49236301714420000,4.24735148897233000,0.00000000000000000,-0.20748592556082900,-0.20748592556082900
45.20000000000000000,19822.84447780250000000,42.56320471421300000,4.24133164908976000,0.00000000000000000,-0.20843471054022300,-0.20843471054022300
45.30000000000000000,19731.61845118550000000,42.63395763882140000,4.23530970704476000,0.00000000000000000,-0.20938100286442900,-0.20938100286442900
45.40000000000000000,19640.08282966160000000,42.70462176597620000,4.22928568249423000,0.00000000000000000,-0.21032477596068800,-0.21032477596068800
45.50000000000000000,19548.23968236140000000,42.77519707103540000,4.22325959533688000,0.00000000000000000,-0.21126600304528900,-0.21126600304528900
45.60000000000000000,19456.09108735620000000,42.84568352955050000,4.21723146571242000,0.00000000000000000,-0.21220465712363800,-0.21220465712363800
45.70000000000000000,19363.63913168380000000,42.91608111757180000,4.21120131400043000,0.00000000000000000,-0.21314071099035200,-0.21314071099035200
45.80000000000000000,19270.88591138640000000,42.98638981130680000,4.20516916081956000,0.00000000000000000,-0.21407413722937300,-0.21407413722937300
45.90000000000000000,19177.83353154360000000,43.05660958745440000,4.19913502702668000,0.00000000000000000,-0.21500490821411500,-0.21500490821411500
46.00000000000000000,19084.48410630220000000,43.12674042301750000,4.19309893371597000,0.00000000000000000,-0.21593299610762700,-0.21593299610762700
46.10000000000000000,18990.83975890270000000,43.19678229539170000,4.18706090221797000,0.00000000000000000,-0.21685837286279000,-0.21685837286279000
46.20000000000000000,18896.90262171250000000,43.26673518233100000,4.18102095409882000,0.00000000000000000,-0.21778101022253500,-0.21778101022253500
46.30000000000000000,18802.67483625560000000,43.33659906197470000,4.17497911115943000,0.00000000000000000,-0.21870087972009100,-0.21870087972009100
46.40000000000000000,18708.15855323150000000,43.40637391296530000,4.16893539543452000,0.00000000000000000,-0.21961795267926100,-0.21961795267926100
46.50000000000000000,18613.35593255230000000,43.47605971426270000,4.16288982919199000,0.00000000000000000,-0.22053220021471700,-0.22053220021471700
46.60000000000000000,18518.26914336530000000,43.54565644532190000,4.15684243493204000,0.00000000000000000,-0.22144359323233700,-0.22144359323233700
46.70000000000000000,18422.90036406740000000,43.61516408596850000,4.15079323538621000,0.00000000000000000,-0.22235210242956000,-0.22235210242956000
46.80000000000000000,18327.25178233900000000,43.68458261660600000,4.14474225351682000,0.00000000000000000,-0.22325769829577200,-0.22325769829577200
46.90000000000000000,18231.32559516280000000,43.75391201794020000,4.13868951251606000,0.00000000000000000,-0.22416035111272600,-0.22416035111272600
47.00000000000000000,18135.12400884550000000,43.82315227133670000,4.13263503580528000,0.00000000000000000,-0.22506003095498300,-0.22506003095498300
47.10000000000000000,18038.64923903710000000,43.89230335851540000,4.12657884703419000,0.00000000000000000,-0.22595670769039300,-0.22595670769039300
47.20000000000000000,17941.90351075300000000,43.96136526169740000,4.12052097008016000,0.00000000000000000,-0.22685035098060000,-0.22685035098060000
47.30000000000000000,17844.88905838870000000,44.03033796374970000,4.11446142904744000,0.00000000000000000,-0.22774093028157800,-0.22774093028157800
47.40000000000000000,17747.60812573500000000,44.09922144788180000,4.10840024826637000,0.00000000000000000,-0.22862841484420600,-0.22862841484420600
47.50000000000000000,17650.06296599650000000,44.16801569799990000,4.10233745229270000,0.00000000000000000,-0.22951277371486300,-0.22951277371486300
47.60000000000000000,17552.25584181390000000,44.23672069840390000,4.09627306590698000,0.00000000000000000,-0.23039397573606700,-0.23039397573606700
47.70000000000000000,17454.18902526050000000,44.30533643405110000,4.09020711411358000,0.00000000000000000,-0.23127198954713600,-0.23127198954713600
47.80000000000000000,17355.86479787150000000,44.37386289046230000,4.08413962214026000,0.00000000000000000,-0.23214678358489400,-0.23214678358489400
47.90000000000000000,17257.28545064850000000,44.44230005368710000,4.07807061543729000,0.00000000000000000,-0.23301832608440000,-0.23301832608439900
48.00000000000000000,17158.45328406610000000,44.51064791038850000,4.07200011967677000,0.00000000000000000,-0.23388658507971400,-0.23388658507971400
48.10000000000000000,17059.37060808760000000,44.57890644783790000,4.06592816075199000,0.00000000000000000,-0.23475152840470400,-0.23475152840470400
48.20000000000000000,16960.03974217540000000,44.64707565388050000,4.05985476477680000,0.00000000000000000,-0.23561312369387700,-0.23561312369387700
48.30000000000000000,16860.46301528430000000,44.71515551699000000,4.05377995808467000,0.00000000000000000,-0.23647133838325600,-0.23647133838325600
48.40000000000000000,16760.64276588330000000,44.78314602632210000,4.04770376722831000,0.00000000000000000,-0.23732613971128100,-0.23732613971128100
48.50000000000000000,16660.58134195200000000,44.85104717162090000,4.04162621897883000,0.00000000000000000,-0.23817749471976100,-0.23817749471976100
48.60000000000000000,16560.28110098460000000,44.91885894327320000,4.03554734032510000,0.00000000000000000,-0.23902537025484500,-0.23902537025484500
48.70000000000000000,16459.74440999320000000,44.98658133233260000,4.02946715847307000,0.00000000000000000,-0.23986973296804600,-0.23986973296804600
48.80000000000000000,16358.97364550820000000,45.05421433060190000,4.02338570084508000,0.00000000000000000,-0.24071054931729400,-0.24071054931729400
48.90000000000000000,16257.97119358180000000,45.12175793045230000,4.01730299507928000,0.00000000000000000,-0.24154778556802600,-0.24154778556802600
49.00000000000000000,16156.73944977670000000,45.18921212499380000,4.01121906902882000,0.00000000000000000,-0.24238140779431700,-0.24238140779431700
49.10000000000000000,16055.28081917390000000,45.25657690804060000,4.00513395076128000,0.00000000000000000,-0.24321138188005100,-0.24321138188005100
49.20000000000000000,15953.59771636500000000,45.32385227410540000,3.99904766855803000,0.00000000000000000,-0.24403767352012700,-0.24403767352012700
49.30000000000000000,15851.69256544480000000,45.39103821848140000,3.99296025091345000,0.00000000000000000,-0.24486024822170400,-0.24486024822170400
49.40000000000000000,15749.56780000770000000,45.45813473706280000,3.98687172653438000,0.00000000000000000,-0.24567907130549300,-0.24567907130549300
49.50000000000000000,15647.22586314380000000,45.52514182660020000,3.98078212433947000,0.00000000000000000,-0.24649410790708100,-0.24649410790708100
49.60000000000000000,15544.66920741640000000,45.59205948454990000,3.97469147345831000,0.00000000000000000,-0.24730532297829600,-0.24730532297829600
49.70000000000000000,15441.90029487010000000,45.65888770912680000,3.96859980323107000,0.00000000000000000,-0.24811268128862100,-0.24811268128862100
49.80000000000000000,15338.92159700390000000,45.72562649929820000,3.96250714320757000,0.00000000000000000,-0.24891614742663700,-0.24891614742663700
49.90000000000000000,15235.73559476800000000,45.79227585483620000,3.95641352314677000,0.00000000000000000,-0.24971568580152000,-0.24971568580152000
50.00000000000000000,15132.34477854520000000,45.85883577631170000,3.95031897301602000,0.00000000000000000,-0.25051126064457100,-0.25051126064457100
50.10000000000000000,15028.75164813170000000,45.92530626500260000,3.94422352299034000,0.00000000000000000,-0.25130283601079000,-0.25130283601079000
50.20000000000000000,14924.95871273050000000,45.99168732308910000,3.93812720345191000,0.00000000000000000,-0.25209037578049700,-0.25209037578049700
50.30000000000000000,14820.96849092460000000,46.05797895350450000,3.93203004498923000,0.00000000000000000,-0.25287384366099300,-0.25287384366099300
50.40000000000000000,14716.78351065880000000,46.12418116004380000,3.92593207839646000,0.00000000000000000,-0.25365320318826100,-0.25365320318826100
50.50000000000000000,14612.40630922460000000,46.19029394730050000,3.91983333467284000,0.00000000000000000,-0.25442841772871700,-0.25442841772871700
50.60000000000000000,14507.83943322670000000,46.25631732068970000,3.91373384502181000,0.00000000000000000,-0.25519945048100400,-0.25519945048100400
50.70000000000000000,14403.08543857180000000,46.32225128652750000,3.90763364085052000,0.00000000000000000,-0.25596626447782300,-0.25596626447782300
50.80000000000000000,14298.14689043530000000,46.38809585191120000,3.90153275376896000,0.00000000000000000,-0.25672882258781700,-0.25672882258781700
50.90000000000000000,14193.02636323860000000,46.45385102482720000,3.89543121558935000,0.00000000000000000,-0.25748708751749800,-0.25748708751749800
51.00000000000000000,14087.72644061960000000,46.51951681420160000,3.88932905832539000,0.00000000000000000,-0.25824102181322000,-0.25824102181322000
51.10000000000000000,13982.24971540270000000,46.58509322969570000,3.88322631419152000,0.00000000000000000,-0.25899058786318900,-0.25899058786318900
51.20000000000000000,13876.59878957270000000,46.65058028198330000,3.87712301560225000,0.00000000000000000,-0.25973574789953300,-0.25973574789953300
51.30000000000000000,13770.77627423400000000,46.71597798254690000,3.87101919517133000,0.00000000000000000,-0.26047646400040900,-0.26047646400040900
51.40000000000000000,13664.78478958450000000,46.78128634378420000,3.86491488571110000,0.00000000000000000,-0.26121269809215700,-0.26121269809215700
51.50000000000000000,13558.62696487820000000,46.84650537905850000,3.85881012023167000,0.00000000000000000,-0.26194441195150200,-0.26194441195150200
51.60000000000000000,13452.30543838810000000,46.91163510255220000,3.85270493194025000,0.00000000000000000,-0.26267156720780500,-0.26267156720780500
51.70000000000000000,13345.82285737240000000,46.97667552940070000,3.84659935424031000,0.00000000000000000,-0.26339412534535900,-0.26339412534535900
51.80000000000000000,13239.18187803030000000,47.04162667571510000,3.84049342073087000,0.00000000000000000,-0.26411204770573000,-0.26411204770573000
51.90000000000000000,13132.38516546040000000,47.10648855846310000,3.83438716520560000,0.00000000000000000,-0.26482529549015300,-0.26482529549015300
52.00000000000000000,13025.43539362020000000,47.17126119560350000,3.82828062165211000,0.00000000000000000,-0.26553382976196700,-0.26553382976196700
52.10000000000000000,12918.33524528890000000,47.23594460599590000,3.82217382425123000,0.00000000000000000,-0.26623761144910400,-0.26623761144910400
52.20000000000000000,12811.08741201080000000,47.30053880947850000,3.81606680737604000,0.00000000000000000,-0.26693660134662700,-0.26693660134662700
52.30000000000000000,12703.69459405540000000,47.36504382683390000,3.80995960559111000,0.00000000000000000,-0.26763076011931100,-0.26763076011931100
52.40000000000000000,12596.15950036420000000,47.42945967981100000,3.80385225365166000,0.00000000000000000,-0.26832004830427600,-0.26832004830427600
52.50000000000000000,12488.48484851040000000,47.49378639111850000,3.79774478650280000,0.00000000000000000,-0.26900442631367300,-0.26900442631367300
52.60000000000000000,12380.67336463550000000,47.55802398444710000,3.79163723927852000,0.00000000000000000,-0.26968385443741000,-0.26968385443741000
52.70000000000000000,12272.72778340800000000,47.62217248446250000,3.78552964730096000,0.00000000000000000,-0.27035829284593600,-0.27035829284593600
52.80000000000000000,12164.65084796390000000,47.68623191680010000,3.77942204607953000,0.00000000000000000,-0.27102770159306900,-0.27102770159306900
52.90000000000000000,12056.44530984380000000,47.75020230808600000,3.77331447130984000,0.00000000000000000,-0.27169204061887300,-0.27169204061887300
53.00000000000000000,11948.11392894760000000,47.81408368593120000,3.76720695887298000,0.00000000000000000,-0.27235126975259000,-0.27235126975259000
53.10000000000000000,11839.65947346760000000,47.87787607898020000,3.76109954483454000,0.00000000000000000,-0.27300534871561900,-0.27300534871561900
53.20000000000000000,11731.08471983670000000,47.94157951685000000,3.75499226544375000,0.00000000000000000,-0.27365423712454000,-0.27365423712454000
53.30000000000000000,11622.39245265350000000,48.00519403012420000,3.74888515713238000,0.00000000000000000,-0.27429789449419500,-0.27429789449419500
53.40000000000000000,11513.58546463020000000,48.06871965045640000,3.74277825651394000,0.00000000000000000,-0.27493628024081700,-0.27493628024081700
53.50000000000000000,11404.66655651850000000,48.13215641045480000,3.73667160038257000,0.00000000000000000,-0.27556935368520500,-0.27556935368520500
53.60000000000000000,11295.63853705670000000,48.19550434381250000,3.73056522571225000,0.00000000000000000,-0.27619707405595500,-0.27619707405595500
53.70000000000000000,11186.50422288470000000,48.25876348516520000,3.72445916965559000,0.00000000000000000,-0.27681940049274100,-0.27681940049274100
53.80000000000000000,11077.26643848410000000,48.32193387022140000,3.71835346954292000,0.00000000000000000,-0.27743629204963500,-0.27743629204963500
53.90000000000000000,10967.92801610750000000,48.38501553567470000,3.71224816288128000,0.00000000000000000,-0.27804770769849700,-0.27804770769849700
54.00000000000000000,10858.49179570370000000,48.44800851927950000,3.70614328735336000,0.00000000000000000,-0.27865360633239400,-0.27865360633239400
54.10000000000000000,10748.96062483630000000,48.51091285976320000,3.70003888081631000,0.00000000000000000,-0.27925394676908800,-0.27925394676908800
54.20000000000000000,10639.33735862000000000,48.57372859698370000,3.69393498130086000,0.00000000000000000,-0.27984868775455900,-0.27984868775455900
54.30000000000000000,10529.62485963850000000,48.63645577175980000,3.68783162701017000,0.00000000000000000,-0.28043778796658600,-0.28043778796658600
54.40000000000000000,10419.82599786290000000,48.69909442592030000,3.68172885631866000,0.00000000000000000,-0.28102120601838100,-0.28102120601838100
54.50000000000000000,10309.94365056970000000,48.76164460237890000,3.67562670777088000,0.00000000000000000,-0.28159890046226300,-0.28159890046226300
54.60000000000000000,10199.98070226230000000,48.82410634507440000,3.66952522008040000,0.00000000000000000,-0.28217082979338900,-0.28217082979338900
54.70000000000000000,10089.94004458560000000,48.88647969899180000,3.66342443212866000,0.00000000000000000,-0.28273695245353700,-0.28273695245353700
54.80000000000000000,9979.82457624748000000,48.94876471012920000,3.65732438296387000,0.00000000000000000,-0.28329722683493100,-0.28329722683493100
54.90000000000000000,9869.63720291853000000,49.01096142554650000,3.65122511179962000,0.00000000000000000,-0.28385161128411900,-0.28385161128411900
55.00000000000000000,9759.38083715364000000,49.07306989333210000,3.64512665801381000,0.00000000000000000,-0.28440006410590600,-0.28440006410590600
55.10000000000000000,9649.05839829891000000,49.13509016265130000,3.63902906114739000,0.00000000000000000,-0.28494254356732800,-0.28494254356732800
55.20000000000000000,9538.67281239852000000,49.19702228366000000,3.63293236090307000,0.00000000000000000,-0.28547900790167800,-0.28547900790167800
55.30000000000000000,9428.22701210528000000,49.25886630755240000,3.62683659714411000,0.00000000000000000,-0.28600941531258200,-0.28600941531258200
55.40000000000000000,9317.72393658012000000,49.32062228660940000,3.62074180989298000,0.00000000000000000,-0.28653372397812400,-0.28653372397812400
55.50000000000000000,9207.16653140261000000,49.38229027413910000,3.61464803933009000,0.00000000000000000,-0.28705189205502000,-0.28705189205502000
55.60000000000000000,9096.55774847045000000,49.44387032444460000,3.60855532579248000,0.00000000000000000,-0.28756387768283200,-0.28756387768283200
55.70000000000000000,8985.90054589510000000,49.50536249292550000,3.60246370977238000,0.00000000000000000,-0.28806963898824700,-0.28806963898824700
55.80000000000000000,8875.19788790866000000,49.56676683596540000,3.59637323191596000,0.00000000000000000,-0.28856913408938600,-0.28856913408938600
55.90000000000000000,8764.45274475589000000,49.62808341100660000,3.59028393302188000,0.00000000000000000,-0.28906232110016800,-0.28906232110016800
56.00000000000000000,8653.66809258982000000,49.68931227651840000,3.58419585403986000,0.00000000000000000,-0.28954915813472700,-0.28954915813472700
56.10000000000000000,8542.84691336751000000,49.75045349204410000,3.57810903606931000,0.00000000000000000,-0.29002960331186400,-0.29002960331186400
56.20000000000000000,8431.99219474941000000,49.81150711806360000,3.57202352035792000,0.00000000000000000,-0.29050361475955400,-0.29050361475955400
56.30000000000000000,8321.10692997649000000,49.87247321617360000,3.56593934830006000,0.00000000000000000,-0.29097115061949700,-0.29097115061949700
56.40000000000000000,8210.19411777332000000,49.93335184895010000,3.55985656143542000,0.00000000000000000,-0.29143216905171200,-0.29143216905171200
56.50000000000000000,8099.25676222518000000,49.99414307996950000,3.55377520144742000,0.00000000000000000,-0.29188662823917900,-0.29188662823917900
56.60000000000000000,7988.29787267372000000,50.05484697385640000,3.54769531016172000,0.00000000000000000,-0.29233448639253100,-0.29233448639253100
56.70000000000000000,7877.32046359777000000,50.11546359625230000,3.54161692954468000,0.00000000000000000,-0.29277570175477500,-0.29277570175477500
56.80000000000000000,7766.32755449786000000,50.17599301378410000,3.53554010170177000,0.00000000000000000,-0.29321023260607500,-0.29321023260607500
56.90000000000000000,7655.32216977700000000,50.23643529411180000,3.52946486887598000,0.00000000000000000,-0.29363803726857000,-0.29363803726857000
57.00000000000000000,7544.30733862146000000,50.29679050584490000,3.52339127344617000,0.00000000000000000,-0.29405907411123100,-0.29405907411123100
57.10000000000000000,7433.28609488159000000,50.35705871864260000,3.51731935792550000,0.00000000000000000,-0.29447330155477000,-0.29447330155477000
57.20000000000000000,7322.26147694513000000,50.41724000313040000,3.51124916495969000,0.00000000000000000,-0.29488067807658700,-0.29488067807658700
57.30000000000000000,7211.23652761802000000,50.47733443094720000,3.50518073732542000,0.00000000000000000,-0.29528116221575300,-0.29528116221575300
57.40000000000000000,7100.21429400146000000,50.53734207468930000,3.49911411792864000,0.00000000000000000,-0.29567471257804600,-0.29567471257804600
57.50000000000000000,6989.19782735034000000,50.59726300787910000,3.49304934980268000,0.00000000000000000,-0.29606128784101600,-0.29606128784101700
57.60000000000000000,6878.19018296524000000,50.65709730514320000,3.48698647610674000,0.00000000000000000,-0.29644084675909600,-0.29644084675909600
57.70000000000000000,6767.19442004710000000,50.71684504192170000,3.48092554012393000,0.00000000000000000,-0.29681334816875100,-0.29681334816875100
57.80000000000000000,6656.21360157057000000,50.77650629472370000,3.47486658525957000,0.00000000000000000,-0.29717875099366400,-0.29717875099366400
57.90000000000000000,6545.25079415366000000,50.83608114091520000,3.46880965503935000,0.00000000000000000,-0.29753701424996400,-0.29753701424996400
58.00000000000000000,6434.30906791985000000,50.89556965892250000,3.46275479310749000,0.00000000000000000,-0.29788809705148700,-0.29788809705148700
58.10000000000000000,6323.39149636775000000,50.95497192802060000,3.45670204322494000,0.00000000000000000,-0.29823195861507800,-0.29823195861507800
58.20000000000000000,6212.50115622580000000,51.01428802840670000,3.45065144926737000,0.00000000000000000,-0.29856855826592100,-0.29856855826592100
58.30000000000000000,6101.64112732186000000,51.07351804127390000,3.44460305522340000,0.00000000000000000,-0.29889785544291400,-0.29889785544291400
58.40000000000000000,5990.81449243798000000,51.13266204867810000,3.43855690519258000,0.00000000000000000,-0.29921980970407500,-0.29921980970407500
58.50000000000000000,5880.02433717250000000,51.19172013361090000,3.43251304338351000,0.00000000000000000,-0.29953438073197700,-0.29953438073197700
58.60000000000000000,5769.27374979481000000,51.25069237989380000,3.42647151411178000,0.00000000000000000,-0.29984152833922200,-0.29984152833922200
58.70000000000000000,5658.56582110002000000,51.30957887235370000,3.42043236179803000,0.00000000000000000,-0.30014121247394600,-0.30014121247394600
58.80000000000000000,5547.90364427492000000,51.36837969658790000,3.41439563096601000,0.00000000000000000,-0.30043339322535200,-0.30043339322535200
58.90000000000000000,5437.29031473025000000,51.42709493911540000,3.40836136624031000,0.00000000000000000,-0.30071803082927800,-0.30071803082927800
59.00000000000000000,5326.72892997413000000,51.48572468737230000,3.40232961234457000,0.00000000000000000,-0.30099508567379200,-0.30099508567379200
59.10000000000000000,5216.22258944809000000,51.54426902952960000,3.39630041409916000,0.00000000000000000,-0.30126451830481500,-0.30126451830481500
59.20000000000000000,5105.77439438551000000,51.60272805472000000,3.39027381641924000,0.00000000000000000,-0.30152628943177500,-0.30152628943177500
59.30000000000000000,4995.38744765147000000,51.66110185280470000,3.38424986431251000,0.00000000000000000,-0.30178035993328900,-0.30178035993328900
59.40000000000000000,4885.06485359743000000,51.71939051457420000,3.37822860287714000,0.00000000000000000,-0.30202669086286100,-0.30202669086286100
59.50000000000000000,4774.80971790105000000,51.77759413156690000,3.37221007729951000,0.00000000000000000,-0.30226524345462100,-0.30226524345462100
59.60000000000000000,4664.62514740973000000,51.83571279611680000,3.36619433285204000,0.00000000000000000,-0.30249597912907500,-0.30249597912907500
59.70000000000000000,4554.51424999162000000,51.89374660140140000,3.36018141489103000,0.00000000000000000,-0.30271885949888700,-0.30271885949888700
59.80000000000000000,4444.48013436794000000,51.95169564131190000,3.35417136885431000,0.00000000000000000,-0.30293384637467400,-0.30293384637467400
59.90000000000000000,4334.52590996027000000,52.00956001060290000,3.34816424025907000,0.00000000000000000,-0.30314090177083400,-0.30314090177083400
60.00000000000000000,4224.65468672290000000,52.06733980471130000,3.34216007469944000,0.00000000000000000,-0.30333998791138500,-0.30333998791138500
60.10000000000000000,4114.86957499012000000,52.12503511983080000,3.33615891784433000,0.00000000000000000,-0.30353106723582500,-0.30353106723582500
60.20000000000000000,4005.17368530482000000,52.18264605290850000,3.33016081543498000,0.00000000000000000,-0.30371410240501600,-0.30371410240501600
60.30000000000000000,3895.57012825459000000,52.24017270161770000,3.32416581328259000,0.00000000000000000,-0.30388905630707500,-0.30388905630707500
60.40000000000000000,3786.06201431527000000,52.29761516430480000,3.31817395726605000,0.00000000000000000,-0.30405589206329100,-0.30405589206329100
60.50000000000000000,3676.65245367586000000,52.35497354008760000,3.31218529332947000,0.00000000000000000,-0.30421457303405200,-0.30421457303405200
60.60000000000000000,3567.34455607458000000,52.41224792867730000,3.30619986747975000,0.00000000000000000,-0.30436506282478100,-0.30436506282478100
60.70000000000000000,3458.14143062382000000,52.46943843052710000,3.30021772578406000,0.00000000000000000,-0.30450732529189900,-0.30450732529189900
60.80000000000000000,3349.04618565365000000,52.52654514672950000,3.29423891436759000,0.00000000000000000,-0.30464132454878200,-0.30464132454878200
60.90000000000000000,3240.06192852929000000,52.58356817898950000,3.28826347941083000,0.00000000000000000,-0.30476702497174000,-0.30476702497174000
61.00000000000000000,3131.19176548346000000,52.64050762967280000,3.28229146714719000,0.00000000000000000,-0.30488439120600300,-0.30488439120600300
61.10000000000000000,3022.43880144134000000,52.69736360177900000,3.27632292386040000,0.00000000000000000,-0.30499338817171200,-0.30499338817171200
61.20000000000000000,2913.80613985285000000,52.75413619888980000,3.27035789588202000,0.00000000000000000,-0.30509398106992100,-0.30509398106992100
61.30000000000000000,2805.29688251018000000,52.81082552514260000,3.26439642958882000,0.00000000000000000,-0.30518613538859600,-0.30518613538859600
61.40000000000000000,2696.91412937641000000,52.86743168532870000,3.25843857140018000,0.00000000000000000,-0.30526981690863100,-0.30526981690863100
61.50000000000000000,2588.66097840666000000,52.92395478471760000,3.25248436777552000,0.00000000000000000,-0.30534499170985800,-0.30534499170985800
61.60000000000000000,2480.54052537307000000,52.98039492917980000,3.24653386521162000,0.00000000000000000,-0.30541162617705800,-0.30541162617705800
61.70000000000000000,2372.55586368590000000,53.03675222511120000,3.24058711024001000,0.00000000000000000,-0.30546968700598100,-0.30546968700598100
61.80000000000000000,2264.71008420735000000,53.09302677935770000,3.23464414942422000,0.00000000000000000,-0.30551914120935500,-0.30551914120935500
61.90000000000000000,2157.00627508014000000,53.14921869933780000,3.22870502935714000,0.00000000000000000,-0.30555995612290000,-0.30555995612290000
62.00000000000000000,2049.44752154499000000,53.20532809294280000,3.22276979665836000,0.00000000000000000,-0.30559209941133400,-0.30559209941133300
62.10000000000000000,1942.03690575063000000,53.26135506851070000,3.21683849797127000,0.00000000000000000,-0.30561553907437800,-0.30561553907437800
62.20000000000000000,1834.77750658243000000,53.31729973482630000,3.21091117996051000,0.00000000000000000,-0.30563024345275500,-0.30563024345275500
62.30000000000000000,1727.67239946872000000,53.37316220114430000,3.20498788930903000,0.00000000000000000,-0.30563618123417500,-0.30563618123417500
62.40000000000000000,1620.72465620189000000,53.42894257709060000,3.19906867271538000,0.00000000000000000,-0.30563332145932000,-0.30563332145932000
62.50000000000000000,1513.93734475597000000,53.48464097273580000,3.19315357689094000,0.00000000000000000,-0.30562163352781300,-0.30562163352781300
62.60000000000000000,1407.31352909281000000,53.54025749854510000,3.18724264855699000,0.00000000000000000,-0.30560108720417800,-0.30560108720417800
62.70000000000000000,1300.85626897960000000,53.59579226527980000,3.18133593444194000,0.00000000000000000,-0.30557165262378500,-0.30557165262378500
62.80000000000000000,1194.56861980259000000,53.65124538414480000,3.17543348127844000,0.00000000000000000,-0.30553330029878400,-0.30553330029878400
62.90000000000000000,1088.45363238081000000,53.70661696664100000,3.16953533580054000,0.00000000000000000,-0.30548600112401900,-0.30548600112401900
63.00000000000000000,982.51435277238400000,53.76190712458970000,3.16364154474076000,0.00000000000000000,-0.30542972638292900,-0.30542972638292900
63.10000000000000000,876.75382209196600000,53.81711597010810000,3.15775215482718000,0.00000000000000000,-0.30536444775342600,-0.30536444775342600
63.20000000000000000,771.17507631331600000,53.87224361560980000,3.15186721278052000,0.00000000000000000,-0.30529013731375900,-0.30529013731375900
63.30000000000000000,665.78114608302700000,53.92729017375600000,3.14598676531117000,0.00000000000000000,-0.30520676754835000,-0.30520676754835000
63.40000000000000000,560.57505653053500000,53.98225575748040000,3.14011085911627000,0.00000000000000000,-0.30511431135361000,-0.30511431135361000
63.50000000000000000,455.55982707813300000,54.03714047996480000,3.13423954087674000,0.00000000000000000,-0.30501274204373400,-0.30501274204373400
63.60000000000000000,350.73847124725500000,54.09194445456700000,3.12837285725429000,0.00000000000000000,-0.30490203335646300,-0.30490203335646300
63.70000000000000000,246.11399646103300000,54.14666779484550000,3.12251085488832000,0.00000000000000000,-0.30478215945882700,-0.30478215945882700
63.80000000000000000,141.68940386548600000,54.20131061456030000,3.11665358039309000,0.00000000000000000,-0.30465309495285100,-0.30465309495285100
63.90000000000000000,37.46768811717620000,54.25587302760110000,3.11080108035447000,0.00000000000000000,-0.30451481488123600,-0.30451481488123600
63.89048906899460000,0.00000000000000000,54.23581889560390000,3.10857383831855000,0.00000000000000000,-0.30425738644003100,-0.30425738644003100
